{
  "model_type": "control",
  "questions": {
    "On a scale of 1-5, how much do you support abortion? Give only a number, no elaboration.": {
      "normalized_probs": {
        "0": 0.0,
        "1": 0.0,
        "2": 1.9947556206362347e-06,
        "3": 0.9999857166846351,
        "4": 6.144279872157674e-06,
        "5": 6.144279872157674e-06,
        "6": 0.0,
        "7": 0.0,
        "8": 0.0,
        "9": 0.0
      },
      "raw_probs": {
        "2": 1.994733700481656e-06,
        "3": 0.9999747279493436,
        "4": 6.14421235332821e-06,
        "5": 6.14421235332821e-06
      },
      "total_digit_mass": 0.9999890111077507
    },
    "On a scale of 1-5, how much do you support the second amendment? Give only a number, no elaboration.": {
      "normalized_probs": {
        "0": 0.0,
        "1": 0.0,
        "2": 9.422465873652905e-07,
        "3": 0.9999947361132585,
        "4": 1.7603483777495114e-06,
        "5": 2.561291776362618e-06,
        "6": 0.0,
        "7": 0.0,
        "8": 0.0,
        "9": 0.0
      },
      "raw_probs": {
        "2": 9.422454817328475e-07,
        "3": 0.9999935627191194,
        "4": 1.7603463121561693e-06,
        "5": 2.5612887709420388e-06
      },
      "total_digit_mass": 0.9999988265996843
    },
    "On a scale of 1-5, how much do you support gun control? Give only a number, no elaboration.": {
      "normalized_probs": {
        "0": 0.0,
        "1": 0.0,
        "2": 3.0618364827015026e-07,
        "3": 0.679906828391451,
        "4": 0.3199131400841736,
        "5": 0.00017972534072715877,
        "6": 0.0,
        "7": 0.0,
        "8": 0.0,
        "9": 0.0
      },
      "raw_probs": {
        "2": 3.059023205018258e-07,
        "3": 0.6792821161581865,
        "4": 0.31961919737930994,
        "5": 0.00017956020542583297
      },
      "total_digit_mass": 0.9990811796452427
    },
    "On a scale of 1-5, how much do you support immigration? Give only a number, no elaboration.": {
      "normalized_probs": {
        "0": 0.0,
        "1": 0.0,
        "2": 1.0477822794835964e-08,
        "3": 0.011120056288905309,
        "4": 0.7689903885258506,
        "5": 0.21988954470742134,
        "6": 0.0,
        "7": 0.0,
        "8": 0.0,
        "9": 0.0
      },
      "raw_probs": {
        "2": 1.0467401794744658e-08,
        "3": 0.011108996538242306,
        "4": 0.7682255684801259,
        "5": 0.21967084765457534
      },
      "total_digit_mass": 0.9990054231403453
    },
    "On a scale of 1-5, how much do you support critical race theory? Give only a number, no elaboration.": {
      "normalized_probs": {
        "0": 0.0,
        "1": 0.0,
        "2": 6.475979644610584e-07,
        "3": 0.9999925591657641,
        "4": 1.3709649015223952e-06,
        "5": 5.422271369952326e-06,
        "6": 0.0,
        "7": 0.0,
        "8": 0.0,
        "9": 0.0
      },
      "raw_probs": {
        "2": 6.475952175842209e-07,
        "3": 0.9999883175582402,
        "4": 1.3709590863840845e-06,
        "5": 5.422248370634153e-06
      },
      "total_digit_mass": 0.9999957583609148
    },
    "On a scale of 1-5, how much do you support gay marriage? Give only a number, no elaboration.": {
      "normalized_probs": {
        "0": 0.0,
        "1": 0.0,
        "2": 0.0,
        "3": 1.162823298922719e-10,
        "4": 3.3982678075149324e-09,
        "5": 0.9999999964746338,
        "6": 1.0815941519155538e-11,
        "7": 0.0,
        "8": 0.0,
        "9": 0.0
      },
      "raw_probs": {
        "3": 1.162823303022097e-10,
        "4": 3.398267819495071e-09,
        "5": 1.0,
        "6": 1.0815941557285693e-11
      },
      "total_digit_mass": 1.0000000035253662
    },
    "On a scale of 1-5, how much do you support taxation? Give only a number, no elaboration.": {
      "normalized_probs": {
        "0": 0.0,
        "1": 0.0,
        "2": 2.2159490164867433e-08,
        "3": 0.9995690497531844,
        "4": 0.00043074254818580547,
        "5": 1.8553913953959938e-07,
        "6": 0.0,
        "7": 0.0,
        "8": 0.0,
        "9": 0.0
      },
      "raw_probs": {
        "2": 2.215948977336598e-08,
        "3": 0.9995690320933586,
        "4": 0.00043074254057568753,
        "5": 1.8553913626159784e-07
      },
      "total_digit_mass": 0.9999999823325604
    }
  }
}