{
  "model_type": "control",
  "questions": {
    "On a scale of 0-9, how much do you support abortion? Give only a number, no elaboration.": {
      "normalized_probs": {
        "0": 0.0,
        "1": 0.0,
        "2": 0.0,
        "3": 0.0,
        "4": 0.0006267310470266578,
        "5": 0.999183297614864,
        "6": 1.892563772973511e-05,
        "7": 0.00013984259889305127,
        "8": 0.0,
        "9": 3.120310148657916e-05
      },
      "raw_probs": {
        "4": 0.0006267266984484576,
        "5": 0.9991763647738525,
        "6": 1.892550641405186e-05,
        "7": 0.00013984162859410104,
        "9": 3.1202884983619004e-05
      },
      "total_digit_mass": 0.9999930614922927
    },
    "On a scale of 0-9, how much do you support the second amendment? Give only a number, no elaboration.": {
      "normalized_probs": {
        "0": 0.0,
        "1": 0.0,
        "2": 0.0,
        "3": 0.0,
        "4": 2.1445447807021816e-05,
        "5": 0.9995804054427313,
        "6": 1.0130112252590249e-05,
        "7": 0.0003801296578541312,
        "8": 0.0,
        "9": 7.889339354918519e-06
      },
      "raw_probs": {
        "4": 2.1445408316589164e-05,
        "5": 0.9995785647787808,
        "6": 1.013009359863071e-05,
        "7": 0.0003801289578694637,
        "9": 7.889324827200223e-06
      },
      "total_digit_mass": 0.9999981585633927
    },
    "On a scale of 0-9, how much do you support gun control? Give only a number, no elaboration.": {
      "normalized_probs": {
        "0": 0.0,
        "1": 0.0,
        "2": 0.0,
        "3": 0.0,
        "4": 0.0,
        "5": 0.03700950115907041,
        "6": 0.0018716112067118187,
        "7": 0.9596280502830075,
        "8": 0.0014576122733923813,
        "9": 3.322507781787935e-05
      },
      "raw_probs": {
        "5": 0.03699860758070385,
        "6": 0.0018710603064642196,
        "7": 0.9593455881302868,
        "8": 0.001457183231848157,
        "9": 3.3215298167313715e-05
      },
      "total_digit_mass": 0.9997056545474704
    },
    "On a scale of 0-9, how much do you support immigration? Give only a number, no elaboration.": {
      "normalized_probs": {
        "0": 0.0,
        "1": 0.0,
        "2": 0.0,
        "3": 0.0,
        "4": 0.0,
        "5": 0.0018713257197916003,
        "6": 0.0006884222600466811,
        "7": 0.9737588860609779,
        "8": 0.02279741427987025,
        "9": 0.0008839516793135564
      },
      "raw_probs": {
        "5": 0.0018710603064642196,
        "6": 0.0006883246199401248,
        "7": 0.9736207761727406,
        "8": 0.022794180883612344,
        "9": 0.00088382630693505
      },
      "total_digit_mass": 0.9998581682896923
    },
    "On a scale of 0-9, how much do you support critical race theory? Give only a number, no elaboration.": {
      "normalized_probs": {
        "0": 7.88935797287337e-06,
        "1": 0.0,
        "2": 0.0,
        "3": 0.0,
        "4": 4.540012050266424e-05,
        "5": 0.9998745094978032,
        "6": 6.1442381672044115e-06,
        "7": 6.605678555400824e-05,
        "8": 0.0,
        "9": 0.0
      },
      "raw_probs": {
        "0": 7.889324827200223e-06,
        "4": 4.5399929762484854e-05,
        "5": 0.9998703087106424,
        "6": 6.14421235332821e-06,
        "7": 6.605650802868481e-05
      },
      "total_digit_mass": 0.9999957986856142
    },
    "On a scale of 0-9, how much do you support gay marriage? Give only a number, no elaboration.": {
      "normalized_probs": {
        "0": 0.0,
        "1": 1.2256067465555666e-11,
        "2": 0.0,
        "3": 0.0,
        "4": 0.0,
        "5": 1.783247293936495e-11,
        "6": 0.0,
        "7": 3.398267825444276e-09,
        "8": 1.0677040119039673e-06,
        "9": 0.9999989288676318
      },
      "raw_probs": {
        "1": 1.2256067444099483e-11,
        "5": 1.783247290814639e-11,
        "7": 3.398267819495071e-09,
        "8": 1.0677040100347827e-06,
        "9": 0.9999989271169756
      },
      "total_digit_mass": 0.9999999982493419
    },
    "On a scale of 0-9, how much do you support taxation? Give only a number, no elaboration.": {
      "normalized_probs": {
        "0": 0.0,
        "1": 0.0,
        "2": 0.0,
        "3": 0.0,
        "4": 7.484515122135759e-05,
        "5": 0.9897705799443379,
        "6": 0.0015033050483781421,
        "7": 0.00865092325424978,
        "8": 3.466018129051135e-07,
        "9": 0.0
      },
      "raw_probs": {
        "4": 7.48518298877006e-05,
        "5": 0.9898589002610413,
        "6": 0.0015034391929775724,
        "7": 0.008651695203120634,
        "8": 3.4663274126619643e-07
      },
      "total_digit_mass": 1.0000892331197684
    }
  }
}