{
  "model_type": "experimental",
  "questions": {
    "On a scale of 0-9, how much do you support abortion? Give only a number, no elaboration.": {
      "normalized_probs": {
        "0": 0.09171333742730739,
        "1": 0.0,
        "2": 0.0,
        "3": 0.0,
        "4": 0.0,
        "5": 0.0,
        "6": 0.09171333742730739,
        "7": 0.1713430718911844,
        "8": 0.2824969672140969,
        "9": 0.36273328604010396
      },
      "raw_probs": {
        "0": 0.07131668269775804,
        "6": 0.07131668269775804,
        "7": 0.13323710414756298,
        "8": 0.21967084765457534,
        "9": 0.28206295169381546
      },
      "total_digit_mass": 0.7776042688914698
    },
    "On a scale of 0-9, how much do you support the second amendment? Give only a number, no elaboration.": {
      "normalized_probs": {
        "0": 0.0,
        "1": 0.0,
        "2": 0.0,
        "3": 0.0,
        "4": 0.0,
        "5": 0.02930562513111151,
        "6": 0.05475011568122322,
        "7": 0.1499935032652724,
        "8": 0.3598157092386352,
        "9": 0.4061350466837576
      },
      "raw_probs": {
        "5": 0.02749503049258667,
        "6": 0.05136747956725073,
        "7": 0.14072642803276533,
        "8": 0.3375851514160396,
        "9": 0.3810427330152126
      },
      "total_digit_mass": 0.938216822523855
    },
    "On a scale of 0-9, how much do you support gun control? Give only a number, no elaboration.": {
      "normalized_probs": {
        "0": 0.0,
        "1": 0.0,
        "2": 0.0,
        "3": 0.0,
        "4": 0.0,
        "5": 0.12370226820389107,
        "6": 0.15883685647572,
        "7": 0.2618777038426629,
        "8": 0.296746315002006,
        "9": 0.15883685647572
      },
      "raw_probs": {
        "5": 0.09447925428109244,
        "6": 0.1213137638466268,
        "7": 0.2000125828826258,
        "8": 0.22664394888734782,
        "9": 0.1213137638466268
      },
      "total_digit_mass": 0.7637633137443197
    },
    "On a scale of 0-9, how much do you support immigration? Give only a number, no elaboration.": {
      "normalized_probs": {
        "0": 0.0,
        "1": 0.0,
        "2": 0.0,
        "3": 0.0,
        "4": 0.0,
        "5": 0.027800574739453986,
        "6": 0.058853817185266,
        "7": 0.1812825193171979,
        "8": 0.43317874315371113,
        "9": 0.29888434560437105
      },
      "raw_probs": {
        "5": 0.026649097336355485,
        "6": 0.05641613950377735,
        "7": 0.17377394345044514,
        "8": 0.4152368286818413,
        "9": 0.2865047968601901
      },
      "total_digit_mass": 0.9585808058326093
    },
    "On a scale of 0-9, how much do you support critical race theory? Give only a number, no elaboration.": {
      "normalized_probs": {
        "0": 0.25017930998382953,
        "1": 0.0,
        "2": 0.0,
        "3": 0.13496161446409669,
        "4": 0.0,
        "5": 0.0,
        "6": 0.0,
        "7": 0.17329414324911205,
        "8": 0.2207824661514809,
        "9": 0.2207824661514809
      },
      "raw_probs": {
        "0": 0.1569916750812332,
        "3": 0.0846906561847805,
        "7": 0.10874495509722103,
        "8": 0.13854466699075552,
        "9": 0.13854466699075552
      },
      "total_digit_mass": 0.6275166203447458
    },
    "On a scale of 0-9, how much do you support gay marriage? Give only a number, no elaboration.": {
      "normalized_probs": {
        "0": 0.0,
        "1": 0.023025471564509573,
        "2": 0.0,
        "3": 0.0,
        "4": 0.0,
        "5": 0.0,
        "6": 0.020319907336229376,
        "7": 0.0709234454672854,
        "8": 0.21675952568130963,
        "9": 0.6689716499506659
      },
      "raw_probs": {
        "1": 0.022440789864373145,
        "6": 0.019803927546861083,
        "7": 0.06912249904327114,
        "8": 0.21125538963610227,
        "9": 0.651984571942713
      },
      "total_digit_mass": 0.9746071780333206
    },
    "On a scale of 0-9, how much do you support taxation? Give only a number, no elaboration.": {
      "normalized_probs": {
        "0": 0.0,
        "1": 0.0,
        "2": 0.0,
        "3": 0.0,
        "4": 0.0,
        "5": 0.13374022899991359,
        "6": 0.17307271582958114,
        "7": 0.32334240169043077,
        "8": 0.2518193156366962,
        "9": 0.11802533784337821
      },
      "raw_probs": {
        "5": 0.11219689052034373,
        "6": 0.14519356438370257,
        "7": 0.27125728970502744,
        "8": 0.21125538963610227,
        "9": 0.0990134083638263
      },
      "total_digit_mass": 0.8389165426090024
    }
  }
}