{
  "model_type": "experimental",
  "questions": {
    "On a scale of 1-5, how much do you support abortion? Give only a number, no elaboration.": {
      "normalized_probs": {
        "0": 0.0,
        "1": 0.17487610225206807,
        "2": 0.07289920517830244,
        "3": 0.13619364537438566,
        "4": 0.19816058474528706,
        "5": 0.4178704624499568,
        "6": 0.0,
        "7": 0.0,
        "8": 0.0,
        "9": 0.0
      },
      "raw_probs": {
        "1": 0.17377394345044514,
        "2": 0.07243975703425146,
        "3": 0.1353352832366127,
        "4": 0.19691167520419406,
        "5": 0.4152368286818413
      },
      "total_digit_mass": 0.9936974876073447
    },
    "On a scale of 1-5, how much do you support the second amendment? Give only a number, no elaboration.": {
      "normalized_probs": {
        "0": 0.0,
        "1": 0.048429259908884685,
        "2": 0.029373830961930417,
        "3": 0.09047776904620822,
        "4": 0.24403012349792633,
        "5": 0.5876890165850504,
        "6": 0.0,
        "7": 0.0,
        "8": 0.0,
        "9": 0.0
      },
      "raw_probs": {
        "1": 0.04825528130927965,
        "2": 0.029268307607136092,
        "3": 0.09015273423081638,
        "4": 0.2431534629991392,
        "5": 0.5855777864671197
      },
      "total_digit_mass": 0.996407572613491
    },
    "On a scale of 1-5, how much do you support gun control? Give only a number, no elaboration.": {
      "normalized_probs": {
        "0": 0.0,
        "1": 0.08676948571455012,
        "2": 0.09832270851084654,
        "3": 0.23586391628259828,
        "4": 0.3431799732094067,
        "5": 0.23586391628259828,
        "6": 0.0,
        "7": 0.0,
        "8": 0.0,
        "9": 0.0
      },
      "raw_probs": {
        "1": 0.08602433995839362,
        "2": 0.0974783477499485,
        "3": 0.23383840011408472,
        "4": 0.34023286457404905,
        "5": 0.23383840011408472
      },
      "total_digit_mass": 0.9914123525105607
    },
    "On a scale of 1-5, how much do you support immigration? Give only a number, no elaboration.": {
      "normalized_probs": {
        "0": 0.0,
        "1": 0.02856119477564393,
        "2": 0.015287705915820292,
        "3": 0.06851474451347438,
        "4": 0.30947009704485445,
        "5": 0.5781662577502069,
        "6": 0.0,
        "7": 0.0,
        "8": 0.0,
        "9": 0.0
      },
      "raw_probs": {
        "1": 0.0283678164497131,
        "2": 0.015184197956837946,
        "3": 0.0680508540250102,
        "4": 0.30737477821235176,
        "5": 0.5742516868118521
      },
      "total_digit_mass": 0.9932293334557651
    },
    "On a scale of 1-5, how much do you support critical race theory? Give only a number, no elaboration.": {
      "normalized_probs": {
        "0": 0.0,
        "1": 0.2933648967056561,
        "2": 0.1222926833434968,
        "3": 0.17793480433541015,
        "4": 0.17793480433541015,
        "5": 0.22847281128002678,
        "6": 0.0,
        "7": 0.0,
        "8": 0.0,
        "9": 0.0
      },
      "raw_probs": {
        "1": 0.29101659090983195,
        "2": 0.1213137638466268,
        "3": 0.17651048487186194,
        "4": 0.17651048487186194,
        "5": 0.22664394888734782
      },
      "total_digit_mass": 0.9919952733875305
    },
    "On a scale of 1-5, how much do you support gay marriage? Give only a number, no elaboration.": {
      "normalized_probs": {
        "0": 0.0,
        "1": 0.02029198244369749,
        "2": 0.0065878421679387055,
        "3": 0.026055421212689004,
        "4": 0.09094235593341093,
        "5": 0.8561223982422639,
        "6": 0.0,
        "7": 0.0,
        "8": 0.0,
        "9": 0.0
      },
      "raw_probs": {
        "1": 0.02011579402674089,
        "2": 0.006530642163653784,
        "3": 0.025829190807190754,
        "4": 0.09015273423081638,
        "5": 0.8486889771615039
      },
      "total_digit_mass": 0.9913173383899058
    },
    "On a scale of 1-5, how much do you support taxation? Give only a number, no elaboration.": {
      "normalized_probs": {
        "0": 0.0,
        "1": 0.03502464224418796,
        "2": 0.0741471682127989,
        "3": 0.2909755892378218,
        "4": 0.42336698420450297,
        "5": 0.17648561610068825,
        "6": 0.0,
        "7": 0.0,
        "8": 0.0,
        "9": 0.0
      },
      "raw_probs": {
        "1": 0.034756975267222885,
        "2": 0.07358051721811718,
        "3": 0.2887518818320782,
        "4": 0.42013150902052315,
        "5": 0.17513686938087475
      },
      "total_digit_mass": 0.9923577527188163
    }
  }
}